Date,Symbol,Trader,Channel,isOpen,Asset,Type,Price,Amount,Price-current,Prices,Prices-current,Avged,STC-Amount,STC-Price,STC-Price-current,STC-Prices,STC-Prices-current,STC-PnL,STC-PnL-current,STC-PnL$,STC-PnL$-current,STC-Date,SL,TrailStats,STC-xQty
2023-05-10 11:02:56.260000,BABA_051923C88,tradewithnando#7294,analyst-alerts,0,option,BTO,1.32,3,1.47,,,,5.0,2.35,2.14,2.35,2.14,78.030303030303,45.578231292517,515.0,335.0,2023-05-11 09:37:43.365000,,,
2023-05-10 11:10:26.917000,STX_051923C57.5,AVI#9896,analyst-alerts,0,option,BTO,1.37,4,1.39,,,,4.0,1.545,0.98,1.56/1.5,0.98/0.98,12.7737226277372,-29.4964028776978,69.9999999999999,-164.0,2023-05-15 09:38:09.118000,,"min,-64.03%,$0.5,in 1 days 00:38:34| max,5.04%,$1.46,in 00:34:00| | TS:0.2,-16.55%,$1.16,in 00:52:36| TS:0.3,-28.06%,$1.0,in 02:14:27| TS:0.4,-50.36%,$0.69,in 22:19:35| TS:0.5,-50.36%,$0.69,in 22:19:35",
2023-05-10 11:11:19.307000,BABA_051223C85,tradewithnando#7294,analyst-alerts,0,option,BTO,0.76,3,0.76,,,,6.0,1.08,1.03,1.08,1.03,42.1052631578948,35.5263157894737,192.0,162.0,2023-05-11 09:33:58.983000,,,
2023-05-10 11:14:11.527000,NVDA_051223P282.5,GHO$T#8972,analyst-alerts,0,option,BTO,1.0,3,1.1,,,,3.0,0.993333333333333,0.913333333333333,1.03/0.92,0.96/0.82,-0.666666666666671,-16.969696969697,-2.00000000000001,-56.0000000000001,2023-05-10 11:33:29.548000,,,
2023-05-10 11:31:56.277000,TSLA_051223C175,Cblast#2108,cb_challenge,0,option,BTO,0.69,2,0.71,,,,2.0,0.5,0.46,0.5,0.46,-27.536231884058,-35.2112676056338,-38.0,-50.0,2023-05-10 12:01:59.125000,,,
2023-05-10 11:56:35.131000,SPXW_051023P4110,GHO$T#8972,analyst-alerts,0,option,BTO,1.8,2,2.2,,,,2.0,2.65,2.425,2.2/3.1,2.05/2.8,47.2222222222222,10.2272727272727,170.0,44.9999999999999,2023-05-10 12:02:45.160000,,,
2023-05-10 12:12:14.388000,SPXW_051023C4135,Cblast#2108,cb_challenge,0,option,BTO,2.0,1,2.25,,,,1.0,2.0,1.85,2,1.85,0.0,-17.7777777777778,0.0,-40.0,2023-05-10 12:32:33.945000,,,
2023-05-10 12:13:33.123000,SPXW_051023C4130,AVI#9896,analyst-alerts,0,option,BTO,3.8,5,4.3,,,,5.0,4.06,,4.5/2.3,,6.84210526315791,,130.0,,2023-05-10 12:54:20.306000,,,
2023-05-10 12:30:40.223000,BA_051923C210,AVI#9896,analyst-alerts,0,option,BTO,0.72,4,0.76,,,,4.0,0.37,0.26,0.37,0.26,-48.6111111111111,-65.7894736842105,-140.0,-200.0,2023-05-17 10:14:40.200000,,"min,-86.84%,$0.1,in 5 days 21:20:17| max,17.11%,$0.89,in 23:12:51| | TS:0.2,-21.05%,$0.6,in 00:38:38| TS:0.3,-30.26%,$0.53,in 00:46:32| TS:0.4,-46.05%,$0.41,in 20:59:22| TS:0.5,-51.32%,$0.37,in 21:17:25",
2023-05-10 12:41:44.220000,XPOF,Oogway#9404,analyst-alerts,1,stock,BTO,29.55,20,29.57,,,,,,,,,,,,,,,,
2023-05-10 12:51:13.817000,SPXW_051023C4135,Cblast#2108,cb_challenge,0,option,BTO,1.75,2,1.85,,,,2.0,0.6,0.5,0.6,0.5,-65.7142857142857,-72.972972972973,-230.0,-270.0,2023-05-10 13:24:44.981000,,,
2023-05-10 13:38:42.877000,SPY_051023C410,Cedar#9754,analyst-alerts,0,option,BTO,0.48,9,0.46,,,,9.0,1.31,0.98,1.31,0.98,172.916666666667,113.04347826087,747.0,468.0,2023-05-10 14:06:54.168000,,,
2023-05-10 13:40:33.426000,QQQ_051023C322,Cedar#9754,analyst-alerts,0,option,BTO,0.54,10,0.57,0.54/0.54,0.56/0.57,1.0,9.0,1.31,1.52,1.31,1.52,142.592592592593,166.666666666667,693.0,855.0,2023-05-10 14:07:38.315000,,,
2023-05-10 13:46:34.377000,SPXW_051023C4115,Cblast#2108,cb_challenge,0,option,BTO,2.5,1,2.7,,,,1.0,5.3,5.2,5.3,5.2,112.0,92.5925925925926,280.0,250.0,2023-05-10 13:58:46.440000,,,
2023-05-10 13:49:19.307000,M,AVI#9896,analyst-alerts,1,stock,BTO,0.36,5,14.71,,,,,,,,,,,,,,,,
2023-05-10 15:10:57.353000,COIN_051223C66,Father#4214,analyst-alerts,0,option,BTO,0.48,6,0.51,,,,6.0,0.1,0.08,0.1,0.08,-79.1666666666667,-84.3137254901961,-228.0,-258.0,2023-05-11 10:57:26.221000,,,
2023-05-10 15:23:08.817000,SPXW_051023P4130,EnhancedMarket™#6078,1k-group,0,option,BTO,0.45,5,0.5,,,,5.0,0.25,0.15,0.25,0.15,-44.4444444444445,-70.0,-100.0,-175.0,2023-05-10 15:51:47.227000,,,
2023-05-11 09:31:11.799000,SPY_051123P410,EnhancedMarket™#6078,1k-group,0,option,BTO,0.55,2,0.64,,,,2.0,0.72,0.87,0.72,0.87,30.9090909090909,35.9375,34.0,46.0,2023-05-11 09:32:23.489000,,,
2023-05-11 09:37:54.886000,META_051223C235,EnhancedMarket™#6078,analyst-alerts,0,option,BTO,1.4,15,1.53,,,,15.0,2.34,2.288,2.2/2.7/2.0,2.09/2.58/2.35,67.1428571428571,49.5424836601307,1410.0,1137.0,2023-05-11 09:44:12.740000,,,
2023-05-11 09:45:50.821000,META_051223C237.5,EvaPanda#7872,analyst-alerts,0,option,BTO,1.18,1,1.25,,,,1.0,1.3,1.34,1.3,1.34,10.1694915254237,7.20000000000001,12.0,9.00000000000001,2023-05-11 09:48:53.393000,,,
2023-05-11 09:51:38.537000,TSLA_051223P165,tradewithnando#7294,analyst-alerts,0,option,BTO,0.93,5,0.96,0.98/0.86,0.98/0.94,1.0,5.0,0.0,0.0,0,0,-100.0,-100.0,-465.0,-480.0,2023-05-17T00:00:00+0000,,,1.0
2023-05-11 10:14:00.061000,QQQ_051223C327,EvaPanda#7872,analyst-alerts,0,option,BTO,0.74,1,0.71,,,,1.0,0.61,0.59,0.61,0.59,-17.5675675675676,-16.9014084507042,-13.0,-12.0,2023-05-11 10:21:14.979000,,,
2023-05-11 10:15:32.585000,TSLA_051223C172.5,EnhancedMarket™#6078,analyst-alerts,0,option,BTO,0.76,20,0.78,,,,20.0,2.7,2.3825,2.4/3.6,2.11/3.2,255.263157894737,205.448717948718,3880.0,3205.0,2023-05-12 09:30:45.862000,,"max:412.82% min:-44.87%|TS:0.2,-12.82%,$0.68,in 00:02:22| TS:0.3,-25.64%,$0.58,in 00:05:42| TS:0.4,-34.62%,$0.51,in 00:15:02",
2023-05-11 10:16:15.974000,SPXW_051123C4150,GHO$T#8972,analyst-alerts,0,option,BTO,0.85,3,1.0,,,,3.0,0.75,0.65,0.75,0.65,-11.7647058823529,-35.0,-30.0,-105.0,2023-05-11 10:21:18.142000,,,
2023-05-11 10:27:22.615000,JAGX,Oogway#9404,analyst-alerts,0,stock,BTO,1.12,500,1.13,,,,500.0,1.1,1.06,1.1,1.06,-1.78571428571429,-6.19469026548671,-10.0,-34.9999999999999,2023-05-11 10:47:46.634000,,,
2023-05-11 10:47:22.397000,SPXW_051123C4135,Cblast#2108,cb_challenge,0,option,BTO,2.5,2,2.7,,,,2.0,3.3,2.5,3.3,2.5,32.0,-7.40740740740741,160.0,-40.0,2023-05-11 12:02:51.563000,,,
2023-05-11 11:06:55.155000,AMD_072123C105,skowih#0999,analyst-alerts,1,option,BTO,4.4,2,4.4,,,,1.0,6.1,6.1,6.1,6.1,38.6363636363636,38.6363636363636,170.0,170.0,2023-05-16 10:07:10.120000,,"min,-60.23%,$1.75,in 22:23:05| max,39.77%,$6.15,in 4 days 22:57:03| | TS:0.2,-60.23%,$1.75,in 22:23:05| TS:0.3,-60.23%,$1.75,in 22:23:05| TS:0.4,-60.23%,$1.75,in 22:23:05| TS:0.5,-60.23%,$1.75,in 22:23:05",
2023-05-11 11:24:02.557000,BA_051223C202.5,Cblast#2108,cb_challenge,0,option,BTO,0.77,5,0.8,,,,5.0,1.07,1.05,1.07,1.05,38.961038961039,31.25,150.0,125.0,2023-05-11 12:03:25.197000,,,
2023-05-11 11:28:51.238000,SPXW_051123C4135,Father#4214,analyst-alerts,0,option,BTO,2.9,1,3.2,,,,1.0,4.0,4.1,4,4.1,37.9310344827586,28.125,110.0,89.9999999999999,2023-05-11 11:31:19.201000,,,
2023-05-11 11:42:26.204000,TSLA_051223C172.5,EvaPanda#7872,analyst-alerts,0,option,BTO,0.66,1,0.67,,,,1.0,0.77,0.72,0.77,0.72,16.6666666666667,7.46268656716417,11.0,4.99999999999999,2023-05-11 11:55:37.438000,,,
2023-05-11 11:57:14.029000,ZURA,Oogway#9404,analyst-alerts,0,stock,BTO,11.0,40,11.88,,,,40.0,11.75,11.3525,12.0/11.0,11.7/10.31,6.81818181818182,-4.44023569023569,30.0,-21.1,2023-05-11 12:26:42.671000,,,
2023-05-11 12:16:16.288000,QQQ_051023C326,Cedar#9754,analyst-alerts,0,option,BTO,0.42,12,,,,,24.0,0.55,,0.55/0.55,,30.952380952381,,312.0,,2023-05-11 13:22:39.141000,,,
2023-05-11 12:24:15.455000,QQQ_051223C328,EvaPanda#7872,analyst-alerts,0,option,BTO,0.56,1,0.6,,,,1.0,0.64,0.63,0.64,0.63,14.2857142857143,5.0,8.0,3.0,2023-05-11 12:44:16.036000,,,
2023-05-11 12:40:17.242000,SPXW_051123C4140,AVI#9896,analyst-alerts,0,option,BTO,2.15,2,2.05,,,,4.0,0.9,,0.9/0.9,,-58.1395348837209,,-500.0,,2023-05-11 13:30:11.757000,,"max:19.51% min:-80.49%TS:0.2,-4.88%,$1.95,in 00:10:16| TS:0.3,-17.07%,$1.7,in 00:10:36| TS:0.4,-29.27%,$1.45,in 00:22:56| TS:0.5,-41.46%,$1.2,in 00:32:36",
2023-05-11 13:02:45.437000,SPXW_051123P4115,Cblast#2108,cb_challenge,0,option,BTO,2.0,3,2.15,,,,3.0,2.85,2.35,2.85,2.35,42.5,9.30232558139536,255.0,60.0,2023-05-11 13:14:45.053000,,,
2023-05-11 13:37:11.705000,SPXW_051123C4130,Cblast#2108,cb_challenge,0,option,BTO,3.0,1,3.2,,,,4.0,3.8,,4,,30.0,25.0,100.0,95.0,2023-05-11 13:39:46.246000,,"max:28.12% min:-54.69%TS:0.2,-18.75%,$2.6,in 00:06:21| TS:0.3,-18.75%,$2.6,in 00:06:21| TS:0.4,-37.5%,$2.0,in 00:08:49| TS:0.5,-37.5%,$2.0,in 00:08:49",
2023-05-11 13:51:21.692000,SPXW_051123P4100,AVI#9896,analyst-alerts,0,option,BTO,2.3,2,1.95,,,,2.0,1.4,1.35,1.4,1.35,-39.1304347826087,-30.7692307692308,-180.0,-120.0,2023-05-11 13:54:05.606000,,"max:0.0% min:-35.9%TS:0.2,-23.08%,$1.5,in 00:00:41| TS:0.3,-33.33%,$1.3,in 00:01:25",
2023-05-11 14:37:35.161000,SPXW_051123C4130,Cblast#2108,cb_challenge,0,option,BTO,2.25,1,2.5,,,,1.0,3.1,3.1,3.1,3.1,37.7777777777778,24.0,85.0,60.0,2023-05-11 14:40:39.675000,,max:24.0% min:0.0%|,
2023-05-11 14:48:35.601000,TSLA_051223C175,EvaPanda#7872,analyst-alerts,0,option,BTO,0.3,1,0.3,,,,1.0,0.3,0.0,0.3/0,0,0.0,-100.0,0.0,-30.0,2023-05-17T00:00:00+0000,,"max:6.67% min:-23.33%|TS:0.2,-20.0%,$0.24,in 00:06:09",1.0
2023-05-11 14:48:41.501000,AMD_051223C98,EnhancedMarket™#6078,analyst-alerts,0,option,BTO,0.62,25,0.64,,,,25.0,0.612,0.582,0.9/0.18,0.89/0.12,-1.29032258064516,-9.06250000000001,-20.0,-145.0,2023-05-12 09:48:55.282000,,"max:39.06% min:-81.25%|TS:0.2,10.94%,$0.71,in 00:28:53| TS:0.3,-3.13%,$0.62,in 00:31:28| TS:0.4,-18.75%,$0.52,in 01:01:22| TS:0.5,-46.88%,$0.34,in 18:41:18",
2023-05-11 15:36:06.017000,GETY_051223P5,skowih#0999,analyst-alerts,0,option,BTO,0.1,3,0.05,,,,3.0,0.1,0.05,0.1,0.05,0.0,0.0,0.0,0.0,2023-05-11 15:40:43.578000,,"max:0.0% min:-100.0%|TS:0.2,-100.0%,$0.0,in 00:00:47| TS:0.3,-100.0%,$0.0,in 00:00:47| TS:0.4,-100.0%,$0.0,in 00:00:47| TS:0.5,-100.0%,$0.0,in 00:00:47",
2023-05-11 15:40:47.581000,GETY_051223P5.5,skowih#0999,analyst-alerts,0,option,BTO,0.1,3,0.2,,,,3.0,0.0,0.0,0,0,-100.0,-100.0,-30.0,-60.0,2023-05-17T00:00:00+0000,,,1.0
2023-05-11 15:47:45.583000,SPXW_051123C4130,Cblast#2108,cb_challenge,0,option,BTO,0.9,2,1.2,,,,2.0,1.2,0.8,1.2,0.8,33.3333333333333,-33.3333333333333,60.0,-80.0,2023-05-11 15:56:09.442000,,"max:8.33% min:-79.17%|TS:0.2,-20.83%,$0.95,in 00:00:18| TS:0.3,-33.33%,$0.8,in 00:00:28| TS:0.4,-41.67%,$0.7,in 00:01:03| TS:0.5,-54.17%,$0.55,in 00:02:18",
2023-05-12 09:31:39.435000,DRMA,Oogway#9404,analyst-alerts,0,stock,BTO,3.4,200,3.43,,,,200.0,3.535,3.47,3.63/3.44,3.58/3.36,3.97058823529413,1.16618075801749,27.0000000000001,8.00000000000001,2023-05-12 09:34:40.468000,,max:6.41% min:-1.75%|,
2023-05-12 09:35:42.642000,BABA_051923P84,tradewithnando#7294,analyst-alerts,0,option,BTO,1.74,3,1.87,,,,3.0,2.05,2.05,2.05,2.05,17.816091954023,9.62566844919785,92.9999999999999,53.9999999999999,2023-05-12 10:22:57.352000,,max:9.09% min:-9.09%|,
2023-05-12 09:37:43.227000,NVDA_051223C290,EvaPanda#7872,analyst-alerts,0,option,BTO,0.74,1,0.75,,,,1.0,0.38,0.36,0.38,0.36,-48.6486486486486,-52.0,-36.0,-39.0,2023-05-12 09:49:02.672000,,"max:6.67% min:-56.0%|TS:0.2,-18.67%,$0.61,in 00:01:32| TS:0.3,-30.67%,$0.52,in 00:01:42| TS:0.4,-37.33%,$0.47,in 00:06:47| TS:0.5,-46.67%,$0.4,in 00:10:48",
2023-05-12 09:42:19.473000,DRMA,Oogway#9404,analyst-alerts,0,stock,BTO,3.24,200,3.3,,,,200.0,3.1,3.1,3.1,3.1,-4.32098765432099,-6.06060606060605,-28.0,-40.0,2023-05-12 09:45:56.454000,,max:1.52% min:-7.88%|,
2023-05-12 09:43:20.851000,SPXW_051223C4160,Cblast#2108,cb_challenge,0,option,BTO,2.6,1,2.75,,,,1.0,1.8,1.75,1.8,1.75,-30.7692307692308,-36.3636363636364,-80.0,-100.0,2023-05-12 09:48:31.489000,,"max:3.64% min:-36.36%|TS:0.2,-18.18%,$2.25,in 00:01:20| TS:0.3,-30.91%,$1.9,in 00:04:39",
2023-05-12 09:49:53.846000,SPXW_051223P4100,AVI#9896,analyst-alerts,0,option,BTO,1.15,4,1.5,,,,4.0,1.75,1.6,1.75,1.6,52.1739130434783,6.66666666666667,240.0,40.0,2023-05-12 10:02:12.195000,,"max:20.0% min:-36.67%|TS:0.2,-20.0%,$1.2,in 00:01:11| TS:0.3,-30.0%,$1.05,in 00:01:22",
2023-05-12 09:51:45.942000,QQQ_051223C327,Cedar#9754,analyst-alerts,0,option,BTO,0.5,10,0.6,,,,10.0,0.32,0.25,0.32,0.25,-36.0,-58.3333333333333,-180.0,-350.0,2023-05-12 10:04:47.783000,,"max:6.67% min:-60.0%|TS:0.2,-30.0%,$0.42,in 00:08:15| TS:0.3,-30.0%,$0.42,in 00:08:15| TS:0.4,-38.33%,$0.37,in 00:09:25| TS:0.5,-46.67%,$0.32,in 00:09:50",
2023-05-12 09:53:16.564000,SPXW_051223C4170,Cblast#2108,cb_challenge,0,option,BTO,0.68,6,0.78,0.75/0.35,0.85/0.4,1.0,6.0,0.2,0.15,0.2,0.15,-70.5882352941177,-80.7692307692308,-288.0,-378.0,2023-05-12 10:36:12.381000,,"max:8.97% min:-80.77%|TS:0.2,-23.08%,$0.6,in 00:06:43| TS:0.3,-48.72%,$0.4,in 00:06:48| TS:0.4,-48.72%,$0.4,in 00:06:48| TS:0.5,-48.72%,$0.4,in 00:06:48",
2023-05-12 10:13:22.146000,QQQ_051223C327,Cedar#9754,analyst-alerts,0,option,BTO,0.3,17,0.31,,,,17.0,0.11,0.04,0.11,0.04,-63.3333333333333,-87.0967741935484,-323.0,-459.0,2023-05-12 12:29:27.158000,,"max:3.23% min:-87.1%|TS:0.2,-19.35%,$0.25,in 00:08:14| TS:0.3,-29.03%,$0.22,in 00:16:39| TS:0.4,-38.71%,$0.19,in 00:17:09| TS:0.5,-48.39%,$0.16,in 00:22:04",
2023-05-12 10:14:01.265000,BA_051223C205,Cblast#2108,cb_challenge,0,option,BTO,0.18,1,0.17,,,,1.0,0.05,0.05,0.05,0.05,-72.2222222222222,-70.5882352941177,-13.0,-12.0,2023-05-12 10:37:47.645000,,"max:0.0% min:-76.47%|TS:0.2,-23.53%,$0.13,in 00:00:30| TS:0.3,-41.18%,$0.1,in 00:04:39| TS:0.4,-41.18%,$0.1,in 00:04:39| TS:0.5,-52.94%,$0.08,in 00:16:25",
2023-05-12 10:19:57.255000,SPXW_051223C4160,EvaPanda#7872,analyst-alerts,0,option,BTO,0.85,1,0.9,,,,1.0,0.5,0.45,0.5,0.45,-41.1764705882353,-50.0,-35.0,-45.0,2023-05-12 10:32:22.436000,,"max:0.0% min:-44.44%|TS:0.2,-22.22%,$0.7,in 00:09:44| TS:0.3,-33.33%,$0.6,in 00:10:08| TS:0.4,-44.44%,$0.5,in 00:10:44",
2023-05-12 10:21:08.054000,BA_051223C205,Cedar#9754,analyst-alerts,0,option,BTO,0.11,45,0.12,,,,45.0,0.14,0.07,0.14,0.07,27.2727272727273,-41.6666666666667,135.0,-225.0,2023-05-12 10:31:58.610000,,"max:41.67% min:-41.67%|TS:0.2,0.0%,$0.12,in 00:08:18| TS:0.3,-8.33%,$0.11,in 00:08:56| TS:0.4,-16.67%,$0.1,in 00:09:13| TS:0.5,-33.33%,$0.08,in 00:09:18",
2023-05-12 10:39:29.809000,TSLA_051223C175,AVI#9896,analyst-alerts,0,option,BTO,0.54,5,0.58,,,,5.0,0.57,0.56,0.57,0.56,5.55555555555554,-3.44827586206895,15.0,-9.99999999999995,2023-05-12 10:47:43.249000,,"max:0.0% min:-22.41%|TS:0.2,-20.69%,$0.46,in 00:02:27",
2023-05-12 10:40:18.954000,SPXW_051223C4150,Cblast#2108,cb_challenge,0,option,BTO,1.15,5,1.25,,,,5.0,0.4,0.35,0.4,0.35,-65.2173913043478,-72.0,-375.0,-450.0,2023-05-12 12:06:55.141000,,"max:4.0% min:-72.0%|TS:0.2,-20.0%,$1.0,in 00:07:27| TS:0.3,-28.0%,$0.9,in 00:12:43| TS:0.4,-40.0%,$0.75,in 00:33:33| TS:0.5,-52.0%,$0.6,in 00:35:12",
2023-05-12 10:56:52.361000,SPXW_051223C4150,GHO$T#8972,analyst-alerts,0,option,BTO,0.85,3,1.0,,,,3.0,1.15,1.06666666666667,1.1/1.25,1.05/1.1,35.2941176470588,6.66666666666667,90.0,20.0,2023-05-12 11:09:07.165000,,"max:30.0% min:-15.0%|TS:0.2,-10.0%,$0.9,in 00:06:00",
2023-05-12 10:57:04.362000,SPY_051223C412,Cedar#9754,analyst-alerts,0,option,BTO,0.6,8,0.62,0.6/0.6,0.62/0.61,1.0,8.0,0.21,0.17,0.21,0.17,-65.0,-72.5806451612903,-312.0,-360.0,2023-05-12 12:29:13.555000,,"max:32.26% min:-74.19%|TS:0.2,0.0%,$0.62,in 00:15:13| TS:0.3,-8.06%,$0.57,in 00:15:23| TS:0.4,-27.42%,$0.45,in 00:18:23| TS:0.5,-33.87%,$0.41,in 00:18:38",
2023-05-12 11:14:53.059000,SPXW_051223P4100,Father#4214,analyst-alerts,0,option,BTO,1.75,3,1.8,,,,3.0,2.6,2.55,2.6,2.55,48.5714285714286,41.6666666666667,255.0,225.0,2023-05-12 11:29:59.957000,,"max:63.89% min:-2.78%|TS:0.2,27.78%,$2.3,in 00:01:49| TS:0.3,11.11%,$2.0,in 00:02:39",
2023-05-12 12:35:46.272000,SPXW_051223C4130,AVI#9896,analyst-alerts,0,option,BTO,1.5,2,1.5,,,,2.0,1.05,0.95,1.05,0.95,-30.0,-36.6666666666667,-90.0,-110.0,2023-05-12 12:38:11.889000,,"max:0.0% min:-36.67%|TS:0.2,-20.0%,$1.2,in 00:00:32| TS:0.3,-36.67%,$0.95,in 00:01:57",
2023-05-12 12:41:47.576000,BA_051223C202.5,AVI#9896,analyst-alerts,0,option,BTO,0.05,10,0.06,,,,10.0,0.04,0.04,0.04,0.04,-20.0,-33.3333333333333,-10.0,-20.0,2023-05-12 12:55:49.297000,,"max:0.0% min:-50.0%|TS:0.2,-33.33%,$0.04,in 00:00:07| TS:0.3,-33.33%,$0.04,in 00:00:07| TS:0.4,-50.0%,$0.03,in 00:02:05| TS:0.5,-50.0%,$0.03,in 00:02:05",
2023-05-12 13:10:44.732000,SPXW_051223C4120,Cblast#2108,cb_challenge,0,option,BTO,1.9,1,2.15,,,,1.0,0.9,0.85,0.9,0.85,-52.6315789473684,-60.4651162790698,-100.0,-130.0,2023-05-12 15:34:12.706000,,"max:90.7% min:-81.4%|TS:0.2,-9.3%,$1.95,in 00:04:54| TS:0.3,32.56%,$2.85,in 00:16:14| TS:0.4,2.33%,$2.2,in 00:24:08| TS:0.5,-4.65%,$2.05,in 00:26:09",
2023-05-12 13:28:59.396000,SPXW_051223C4130,AVI#9896,analyst-alerts,0,option,BTO,1.15,1,1.25,,,,1.0,0.35,0.3,0.35,0.3,-69.5652173913043,-76.0,-80.0,-95.0,2023-05-12 14:00:33.799000,,"max:16.0% min:-76.0%|TS:0.2,-20.0%,$1.0,in 00:01:15| TS:0.3,-20.0%,$1.0,in 00:03:29| TS:0.4,-32.0%,$0.85,in 00:06:55| TS:0.5,-44.0%,$0.7,in 00:07:55",
2023-05-12 14:25:26.906000,SPY_051523C410,EnhancedMarket™#6078,analyst-alerts,0,option,BTO,1.4,10,1.4,,,,10.0,1.872,1.822,1.7/2.06/2.02,1.65/2.01/1.97,33.7142857142857,30.1428571428571,472.0,422.0,2023-05-12 15:48:41.637000,,max:48.57% min:-8.57%|,
2023-05-12 14:33:42.912000,QQQ_051223C324,Cedar#9754,analyst-alerts,0,option,BTO,0.17,29,0.2,,,,29.0,0.33,0.28,0.33,0.28,94.1176470588235,40.0,464.0,232.0,2023-05-12 15:28:32.535000,,"max:85.0% min:-25.0%|TS:0.2,0.0%,$0.2,in 00:01:52| TS:0.3,-15.0%,$0.17,in 00:07:02| TS:0.4,-25.0%,$0.15,in 00:07:22",
2023-05-12 14:37:56.452000,SPY_051223C410,Cedar#9754,analyst-alerts,0,option,BTO,0.34,15,0.38,,,,15.0,0.62,0.52,0.62,0.52,82.3529411764706,36.8421052631579,420.0,210.0,2023-05-12 15:28:47.762000,,"max:73.68% min:-31.58%|TS:0.2,-21.05%,$0.3,in 00:02:44| TS:0.3,-31.58%,$0.26,in 00:03:09",
2023-05-12 14:49:37.176000,SPX,EnhancedMarket™#6078,analyst-alerts,0,stock,BTO,2.4,8,,,,,8.0,3.3625,,3.2/3.6/4.1,,40.1041666666667,,7.70000000000001,,2023-05-12 15:09:06.193000,,,
2023-05-12 14:56:21.738000,M_081823C18,AVI#9896,avi_25k_2_100k,0,option,BTO,0.68,5,0.68,,,,5.0,0.834,0.8300000000000001,0.83/0.81/0.83/0.87,0.81/0.81/0.83/0.87,22.6470588235294,22.058823529411768,76.99999999999996,75.00000000000001,2023-05-18 15:24:29.342000,,"min,-16.18%,$0.57,in 4 days 00:21:46| max,35.29%,$0.92,in 5 days 18:43:21| | TS:0.2,-11.76%,$0.6,in 3 days 23:35:40",
2023-05-12 15:01:53.705000,HD_052623C302.5,AVI#9896,avi_25k_2_100k,1,option,BTO,3.1,2,3.25,,,,1.0,0.2,0.12,0.2,0.12,-93.5483870967742,-96.3076923076923,-290.0,-313.0,2023-05-16 09:31:52.160000,,"min,-100.0%,$0.0,in 3 days 18:28:08| max,6.15%,$3.45,in 00:34:11| | TS:0.2,-16.31%,$2.72,in 2 days 18:46:17| TS:0.3,-26.15%,$2.4,in 2 days 19:34:40| TS:0.4,-100.0%,$0.0,in 3 days 18:28:08| TS:0.5,-100.0%,$0.0,in 3 days 18:28:08",
2023-05-12 15:12:29.974000,SPXW_051223C4110,EnhancedMarket™#6078,analyst-alerts,0,option,BTO,2.4,8,3.9,,,,8.0,3.3625,3.6625,3.2/3.6/4.1,3.7/3.6/3.5,40.1041666666667,-6.08974358974357,770.000000000001,-190.0,2023-05-12 15:13:04.904000,,max:0.0% min:-15.38%|,
2023-05-15 08:54:26.203000,TSM,skowih#0999,analyst-alerts,1,stock,BTO,83.54,30,82.5,,,,10.0,89.7,89.62,89.7,89.62,7.37371319128561,8.63030303030304,61.6,71.2000000000001,2023-05-17 10:32:30.388000,,"min,0.0%,$82.5,in 00:02:05| max,8.96%,$89.89,in 2 days 01:35:16| | ",
2023-05-15 09:34:38.523000,TSLA_051923C170,Cblast#2108,cb_challenge,0,option,BTO,3.45,1,3.5,,,,1.0,2.08,2.12,2.08,2.12,-39.7101449275362,-39.4285714285714,-137.0,-138.0,2023-05-15 15:37:17.704000,,"min,-46.29%,$1.88,in 01:24:41| max,5.71%,$3.7,in 00:13:37| | TS:0.2,-16.57%,$2.92,in 00:19:00| TS:0.3,-27.71%,$2.53,in 00:21:35| TS:0.4,-37.43%,$2.19,in 00:25:20",
2023-05-15 09:38:30.163000,PYPL_051923C63,Cblast#2108,cb_challenge,0,option,BTO,0.62,2,0.55,,,,2.0,0.53,0.51,0.53,0.51,-14.5161290322581,-7.27272727272728,-18.0,-8.00000000000001,2023-05-15 15:38:31.347000,,"min,-20.0%,$0.44,in 01:55:12| max,52.73%,$0.84,in 00:16:54| | TS:0.2,21.82%,$0.67,in 00:22:09| TS:0.3,5.45%,$0.58,in 00:30:15| TS:0.4,-9.09%,$0.5,in 01:03:35",
2023-05-15 10:02:47.409000,NFLX_051923C345,DCruz#3069,analyst-alerts,0,option,BTO,2.43,5,2.45,,,,5.0,0.55,0.54,0.55,0.54,-77.3662551440329,-77.9591836734694,-940.0,-955.0,2023-05-16 12:39:37.884000,,"min,-77.96%,$0.54,in 1 days 02:36:13| max,1.63%,$2.49,in 00:01:31| | TS:0.2,-20.0%,$1.96,in 00:05:52| TS:0.3,-30.61%,$1.7,in 00:27:07| TS:0.4,-39.59%,$1.48,in 03:43:48| TS:0.5,-62.04%,$0.93,in 23:27:16",
2023-05-15 10:03:45.241000,SPXW_051523P4100,GHO$T#8972,analyst-alerts,0,option,BTO,3.3,3,3.8,,,,3.0,4.23333333333333,4.7,3.6/4.0/5.1,3.8/5.3/5.0,28.2828282828283,23.6842105263158,280.0,270.0,2023-05-15 10:10:04.747000,,"min,-13.16%,$3.3,in 00:01:24| max,39.47%,$5.3,in 00:05:40| | ",
2023-05-15 10:19:58.429000,DIS_051923C92,tradewithnando#7294,analyst-alerts,0,option,BTO,0.76,5,0.76,,,,5.0,1.008,0.96,0.98/1.05,0.94/0.99,32.6315789473684,26.3157894736842,124.0,100.0,2023-05-15 11:04:07.780000,,"min,-1.32%,$0.75,in 00:00:07| max,36.84%,$1.04,in 00:43:32| | ",
2023-05-15 10:29:50.744000,SPXW_051523P4100,GHO$T#8972,analyst-alerts,0,option,BTO,2.7,3,2.95,,,,3.0,2.73333333333333,2.71666666666667,2.9/2.65,2.85/2.65,1.23456790123455,-7.90960451977401,9.99999999999983,-70.0,2023-05-15 10:34:29.478000,,"min,-15.25%,$2.5,in 00:03:49| max,1.69%,$3.0,in 00:00:14| | ",
2023-05-15 10:42:48.183000,PNC_052623C120,AVI#9896,analyst-alerts,0,option,BTO,0.45,2,0.45,,,,2.0,0.6,0.5,0.6,0.5,33.3333333333333,11.1111111111111,30.0,10.0,2023-05-17 10:37:49.524000,,"min,-77.78%,$0.1,in 1 days 05:11:49| max,22.22%,$0.55,in 02:35:45| | TS:0.2,-22.22%,$0.35,in 00:00:12| TS:0.3,-22.22%,$0.35,in 03:38:51| TS:0.4,-33.33%,$0.3,in 03:55:27| TS:0.5,-44.44%,$0.25,in 23:16:20",
2023-05-15 10:58:42.348000,PDD_061623C75,tradewithnando#7294,analyst-alerts,0,option,BTO,1.9,3,1.92,,,,3.0,2.2,2.18,2.2,2.18,15.7894736842105,13.5416666666667,90.0000000000001,78.0000000000001,2023-05-15 11:32:41.752000,,"min,-3.12%,$1.86,in 00:07:04| max,13.54%,$2.18,in 00:32:59| | ",
2023-05-15 11:27:44.178000,SPXW_051523C4140,AVI#9896,analyst-alerts,0,option,BTO,2.05,2,2.1,,,,2.0,1.95,1.8,1.95,1.8,-4.8780487804878,-14.2857142857143,-20.0,-60.0,2023-05-15 11:53:14.935000,,"min,-47.62%,$1.1,in 00:17:58| max,0.0%,$2.1,in 00:00:03| | TS:0.2,-21.43%,$1.65,in 00:02:38| TS:0.3,-33.33%,$1.4,in 00:13:58| TS:0.4,-42.86%,$1.2,in 00:14:43",
2023-05-15 11:34:36.468000,AMD_052623C100,tradewithnando#7294,analyst-alerts,0,option,BTO,0.95,3,0.97,,,,3.0,1.24,1.24,1.24,1.24,30.5263157894737,27.8350515463918,87.0,81.0,2023-05-15 11:52:13.621000,,"min,-4.12%,$0.93,in 00:02:51| max,26.8%,$1.23,in 00:17:26| | ",
2023-05-15 11:38:23.340000,META_051923C242.5,EvaPanda#7872,analyst-alerts,0,option,BTO,1.4,1,1.44,,,,1.0,1.7,1.7,1.7,1.7,21.4285714285714,18.0555555555556,30.0,26.0,2023-05-15 11:51:23.760000,,"min,-1.39%,$1.42,in 00:00:19| max,18.06%,$1.7,in 00:12:34| | ",
2023-05-15 12:25:56.491000,SPXW_051523P4120,GHO$T#8972,analyst-alerts,0,option,BTO,3.3,2,3.8,,,,2.0,3.2,2.95,3.2,2.95,-3.03030303030302,-22.3684210526316,-19.9999999999999,-170.0,2023-05-15 12:27:50.447000,,"min,-21.05%,$3.0,in 00:01:37| max,0.0%,$3.8,in 00:00:01| | TS:0.2,-21.05%,$3.0,in 00:01:37",
2023-05-15 13:41:45.175000,SPXW_051523P4120,AVI#9896,analyst-alerts,0,option,BTO,1.95,2,2.1,,,,2.0,3.4,2.85,3.4,2.85,74.3589743589744,35.7142857142857,290.0,150.0,2023-05-15 13:44:00.264000,,"min,0.0%,$2.1,in 00:00:05| max,61.9%,$3.4,in 00:01:44| | ",
2023-05-15 13:47:51.895000,SPXW_051523P4110,AVI#9896,analyst-alerts,0,option,BTO,1.05,4,1.2,,,,4.0,0.725,0.6,0.8/0.5,0.65/0.45,-30.952380952381,-50.0,-130.0,-240.0,2023-05-15 13:57:55.148000,,"min,-62.5%,$0.45,in 00:09:33| max,0.0%,$1.2,in 00:00:03| | TS:0.2,-20.83%,$0.95,in 00:01:08| TS:0.3,-33.33%,$0.8,in 00:03:23| TS:0.4,-41.67%,$0.7,in 00:03:58| TS:0.5,-50.0%,$0.6,in 00:06:18",
2023-05-15 13:54:08.388000,SPXW_051523C4135,Cblast#2108,cb_challenge,0,option,BTO,1.8,5,2.1,,,,5.0,2.75,2.75,2.75,2.75,52.7777777777778,30.952380952381,475.0,325.0,2023-05-15 13:59:11.966000,,"min,-7.14%,$1.95,in 00:01:11| max,30.95%,$2.75,in 00:04:52| | ",
2023-05-15 14:22:46.010000,NFLX_051923C342.5,tradewithnando#7294,analyst-alerts,0,option,BTO,1.96,5,1.98,2.23/1.55,2.25/1.57,2.0,5.0,2.11,1.9,2.11,1.9,7.65306122448979,-4.04040404040404,75.0,-40.0,2023-05-17 11:02:09.392000,,"min,-81.82%,$0.36,in 1 days 19:07:25| max,25.25%,$2.48,in 00:07:39| | TS:0.2,-31.31%,$1.36,in 19:07:17| TS:0.3,-31.31%,$1.36,in 19:07:17| TS:0.4,-31.31%,$1.36,in 19:07:17| TS:0.5,-37.88%,$1.23,in 19:10:32",
2023-05-15 14:27:45.073000,AMD_051923C100,EvaPanda#7872,analyst-alerts,0,option,BTO,0.97,1,0.41,,,,1.0,0.97,0.4,0.97,0.4,0.0,-2.43902439024389,0.0,-0.999999999999995,2023-05-15 14:30:15.207000,,"min,-4.88%,$0.39,in 00:00:55| max,0.0%,$0.41,in 00:00:01| | ",
2023-05-15 14:30:20.238000,AMD_051923C98,EvaPanda#7872,analyst-alerts,0,option,BTO,0.97,1,0.97,,,,1.0,1.12,1.12,1.12,1.12,15.4639175257732,15.4639175257732,15.0,15.0,2023-05-15 15:22:55.708000,,"min,-5.15%,$0.92,in 00:24:11| max,15.46%,$1.12,in 00:52:01| | ",
2023-05-15 15:25:46.273000,SPXW_051323C4160,AVI#9896,analyst-alerts,0,option,BTO,2.35,1,,,,,1.0,0.0,0.0,0,0,-100.0,,-235.0,,2023-05-17T00:00:00+0000,,,1.0
2023-05-15 15:45:15.003000,META_051923C245,EnhancedMarket™#6078,1k-group,0,option,BTO,0.96,1,0.97,,,,1.0,0.36,0.35,0.36,0.35,-62.5,-63.9175257731959,-60.0,-62.0,2023-05-16 09:30:38.704000,,"min,-68.04%,$0.31,in 17:45:13| max,0.0%,$0.97,in 00:00:02| | TS:0.2,-20.62%,$0.77,in 00:12:31| TS:0.3,-67.01%,$0.32,in 17:44:48| TS:0.4,-67.01%,$0.32,in 17:44:48| TS:0.5,-67.01%,$0.32,in 17:44:48",
2023-05-15 15:54:15.477000,SPXW_051523C4135,Cblast#2108,cb_challenge,0,option,BTO,0.8,1,0.95,,,,1.0,0.0,0.0,0,0,-100.0,-100.0,-80.0,-95.0,2023-05-17T00:00:00+0000,,,1.0
2023-05-15 20:38:50.274000,SPXW_051623C4160,AVI#9896,analyst-alerts,0,option,BTO,2.35,1,2.35,,,,1.0,0.45,0.35,0.45,0.35,-80.8510638297872,-85.1063829787234,-190.0,-200.0,2023-05-16 09:54:15.981000,,"min,-85.11%,$0.35,in 13:12:06| max,0.0%,$2.35,in 12:51:12| | TS:0.2,-72.34%,$0.65,in 12:51:17| TS:0.3,-72.34%,$0.65,in 12:51:17| TS:0.4,-72.34%,$0.65,in 12:51:17| TS:0.5,-72.34%,$0.65,in 12:51:17",
2023-05-16 09:32:51.697000,NDX_051623C13460,Cblast#2108,cb_challenge,0,option,BTO,13.4,1,,,,,1.0,30.81,,30.81,,129.925373134328,,1741.0,,2023-05-16 09:46:43.384000,,,
2023-05-16 09:52:23.066000,QQQ_051623C328,DCruz#3069,analyst-alerts,0,option,BTO,0.51,25,0.53,,,,25.0,0.31,0.27,0.31,0.27,-39.2156862745098,-49.0566037735849,-500.0,-650.0,2023-05-16 10:14:12.376000,,"min,-52.83%,$0.25,in 00:19:00| max,9.43%,$0.58,in 00:15:00| | TS:0.2,-16.98%,$0.44,in 00:01:45| TS:0.3,-24.53%,$0.4,in 00:17:25| TS:0.4,-35.85%,$0.34,in 00:17:50| TS:0.5,-47.17%,$0.28,in 00:18:40",
2023-05-16 10:02:50.965000,QQQ_051623C328,Cedar#9754,analyst-alerts,0,option,BTO,0.45,11,0.55,,,,11.0,0.33,0.29,0.33,0.29,-26.6666666666667,-47.2727272727273,-132.0,-286.0,2023-05-16 10:13:39.555000,,"min,-54.55%,$0.25,in 00:08:32| max,5.45%,$0.58,in 00:04:32| | TS:0.2,-20.0%,$0.44,in 00:01:22| TS:0.3,-27.27%,$0.4,in 00:06:57| TS:0.4,-38.18%,$0.34,in 00:07:22| TS:0.5,-49.09%,$0.28,in 00:08:12",
2023-05-16 10:26:32.622000,SPXW_051623C4140,AVI#9896,analyst-alerts,0,option,BTO,1.45,2,1.85,,,,2.0,2.0,1.8,2.75/1.25,2.4/1.2,37.9310344827586,-2.70270270270272,110.0,-10.0000000000001,2023-05-16 10:43:25.735000,,"min,-37.84%,$1.15,in 00:14:10| max,48.65%,$2.75,in 00:04:29| | TS:0.2,18.92%,$2.2,in 00:05:05| TS:0.3,-8.11%,$1.7,in 00:05:38| TS:0.4,-13.51%,$1.6,in 00:06:35| TS:0.5,-29.73%,$1.3,in 00:10:15",
2023-05-16 10:27:19.274000,QQQ_051623C328,DCruz#3069,analyst-alerts,0,option,BTO,0.49,30,0.49,,,,30.0,0.69,0.64,0.69,0.64,40.8163265306122,30.6122448979592,600.0,450.0,2023-05-16 10:31:14.554000,,"min,-10.2%,$0.44,in 00:00:49| max,42.86%,$0.7,in 00:03:44| | ",
2023-05-16 10:32:09.691000,MICS,Oogway#9404,analyst-alerts,0,stock,BTO,1.92,150,1.94,,,,150.0,1.82,1.78,1.82,1.78,-5.20833333333333,-8.24742268041237,-15.0,-24.0,2023-05-16 10:35:19.057000,,"min,-9.28%,$1.76,in 00:02:58| max,0.0%,$1.94,in 00:00:02| | ",
2023-05-16 10:32:48.073000,SPXW_051623P4100,GHO$T#8972,analyst-alerts,0,option,BTO,1.3,2,1.9,,,,2.0,2.15,2.075,2.0/2.3,1.85/2.3,65.3846153846154,9.21052631578949,170.0,35.0000000000001,2023-05-16 10:40:43.172000,,"min,-13.16%,$1.65,in 00:00:59| max,23.68%,$2.35,in 00:04:15| | ",
2023-05-16 10:41:17.891000,APLD,Oogway#9404,analyst-alerts,0,stock,BTO,4.95,100,5.09,,,,100.0,5.28,5.27,5.28,5.27,6.66666666666667,3.53634577603143,33.0,18.0,2023-05-16 10:49:38.030000,,"min,-4.72%,$4.85,in 00:06:35| max,4.52%,$5.32,in 00:07:40| | ",
2023-05-16 10:44:45.319000,QQQ_051623C328,DCruz#3069,analyst-alerts,0,option,BTO,0.42,30,0.49,,,,30.0,0.58,0.55,0.58,0.55,38.0952380952381,12.2448979591837,480.0,180.0,2023-05-16 10:49:15.393000,,"min,-10.2%,$0.44,in 00:00:23| max,20.41%,$0.59,in 00:03:58| | ",
2023-05-16 10:45:14.631000,QQQ_051623C328,Cedar#9754,analyst-alerts,0,option,BTO,0.62,42,0.7,0.61/0.66,0.67/0.82,4.0,42.0,0.417857142857143,0.401428571428571,0.58/0.55/0.72/0.92/0,0.56/0.5/0.8/0.8/0,-32.6036866359447,-42.6530612244898,-849.0,-1254.0,2023-05-17T00:00:00+0000,,"min,-32.86%,$0.47,in 00:00:08| max,58.57%,$1.11,in 01:54:55| | TS:0.2,-32.86%,$0.47,in 00:00:08| TS:0.3,-32.86%,$0.47,in 00:00:08| TS:0.4,-17.14%,$0.58,in 00:51:19| TS:0.5,-30.0%,$0.49,in 00:52:59",1.0
2023-05-16 10:49:02.802000,TSLA_051923C170,Cblast#2108,cb_challenge,0,option,BTO,2.7,1,2.8,,,,1.0,3.0,2.98,3,2.98,11.1111111111111,6.42857142857144,30.0,18.0,2023-05-16 11:00:00.181000,,"min,-11.43%,$2.48,in 00:04:00| max,7.14%,$3.0,in 00:10:15| | ",
2023-05-16 10:55:34.147000,LMFA,Oogway#9404,analyst-alerts,1,stock,BTO,1.0,500,0.84,,,,,,,,,,,,,,,,
2023-05-16 10:57:21.819000,QQQ_051623C328,DCruz#3069,analyst-alerts,0,option,BTO,0.85,20,0.89,,,,20.0,0.75,0.64,0.75,0.64,-11.7647058823529,-28.0898876404494,-200.0,-500.0,2023-05-16 11:01:50.599000,,"min,-28.09%,$0.64,in 00:03:56| max,0.0%,$0.89,in 00:00:01| | TS:0.2,-22.47%,$0.69,in 00:01:22",
2023-05-16 11:05:28.319000,SPXW_051623C4140,AVI#9896,analyst-alerts,0,option,BTO,1.55,2,1.8,,,,2.0,2.0,1.85,2,1.85,29.0322580645161,2.77777777777778,90.0,10.0,2023-05-16 11:30:19.624000,,"min,-36.11%,$1.15,in 00:11:40| max,11.11%,$2.0,in 00:24:36| | TS:0.2,-16.67%,$1.5,in 00:04:35| TS:0.3,-30.56%,$1.25,in 00:10:41",
2023-05-16 11:28:45.236000,SPXW_051623C4140,GHO$T#8972,analyst-alerts,0,option,BTO,1.5,2,1.7,,,,2.0,1.9,1.725,2.0/1.8,1.85/1.6,26.6666666666667,1.47058823529413,80.0,5.00000000000003,2023-05-16 11:32:08.747000,,"min,-8.82%,$1.55,in 00:02:54| max,17.65%,$2.0,in 00:01:19| | TS:0.2,-8.82%,$1.55,in 00:02:54",
2023-05-16 11:35:47.813000,SPXW_051623P4100,Father#4214,analyst-alerts,0,option,BTO,1.1,2,1.15,,,,2.0,1.75,1.85,1.75,1.85,59.0909090909091,60.8695652173913,130.0,140.0,2023-05-16 11:38:46.628000,,"min,-4.35%,$1.1,in 00:00:06| max,56.52%,$1.8,in 00:02:31| | ",
2023-05-16 11:49:25.503000,SPXW_051623C4140,Cblast#2108,cb_challenge,0,option,BTO,1.3,20,1.45,,,,20.0,1.9,1.7,1.9,1.7,46.1538461538461,17.2413793103448,1200.0,500.0,2023-05-16 11:53:17.869000,,"min,-6.9%,$1.35,in 00:00:13| max,34.48%,$1.95,in 00:03:43| | ",
2023-05-16 11:55:07.260000,AI_051923C25,Father#4214,analyst-alerts,1,option,BTO,1.0,5,1.0,,,,,,,,,,,,,,,,
2023-05-16 11:58:57.000000,SPY_051723C414,EnhancedMarket™#6078,1k-group,0,option,BTO,0.49,37,0.51,0.49/0.53,0.51/0.55,3.0,37.0,0.2,0.177837837837838,0.2/0.2,0.16/0.18,-59.1836734693878,-65.129835718071,-1073.0,-1229.0,2023-05-16 15:52:03.304000,,"min,-68.63%,$0.16,in 03:52:12| max,9.8%,$0.56,in 00:41:08| | TS:0.2,-19.61%,$0.41,in 00:23:48| TS:0.3,-25.49%,$0.38,in 01:29:54| TS:0.4,-35.29%,$0.33,in 02:04:00| TS:0.5,-45.1%,$0.28,in 02:09:10",
2023-05-16 12:21:04.776000,PDD_052623C70,tradewithnando#7294,analyst-alerts,1,option,BTO,1.64,7,1.76,1.91/0.98,2.02/1.12,2.0,,,,,,,,,,,,,
2023-05-16 12:38:50.188000,SPXW_051723C4140,AVI#9896,analyst-alerts,0,option,BTO,1.0,3,6.7,,,,3.0,1.8,7.5,1.8,7.5,80.0,11.9402985074627,240.0,240.0,2023-05-16 12:41:33.374000,,"min,-1.49%,$6.6,in 00:00:10| max,14.93%,$7.7,in 00:01:25| | ",
2023-05-16 12:56:33.737000,SPXW_051723C4140,AVI#9896,analyst-alerts,0,option,BTO,1.25,3,7.0,,,,3.0,0.45,5.0,0.45,5,-64.0,-28.5714285714286,-240.0,-600.0,2023-05-16 13:41:21.018000,,"min,-30.0%,$4.9,in 00:43:32| max,2.86%,$7.2,in 00:02:26| | TS:0.2,-18.57%,$5.7,in 00:25:22| TS:0.3,-28.57%,$5.0,in 00:42:32",
2023-05-16 13:20:00.672000,SPXW_051623P4120,GHO$T#8972,analyst-alerts,0,option,BTO,2.6,1,2.95,,,,1.0,3.3,3.0,3.3,3,26.9230769230769,1.69491525423728,70.0,4.99999999999998,2023-05-16 13:23:12.400000,,"min,-8.47%,$2.7,in 00:00:20| max,11.86%,$3.3,in 00:01:45| | ",
2023-05-16 14:25:30.158000,SNOW_051923C180,EvaPanda#7872,analyst-alerts,0,option,BTO,0.63,1,0.66,,,,1.0,0.76,0.76,0.76,0.76,20.6349206349206,15.1515151515151,13.0,10.0,2023-05-16 14:33:07.532000,,"min,-4.55%,$0.63,in 00:00:07| max,15.15%,$0.76,in 00:06:57| | ",
2023-05-16 14:31:16.439000,SPXW_051623P4120,GHO$T#8972,analyst-alerts,0,option,BTO,3.9,2,4.8,,,,2.0,4.85,4.55,5.2/4.5,5.1/4.0,24.3589743589744,-5.20833333333333,190.0,-50.0,2023-05-16 14:34:28.084000,,"min,-16.67%,$4.0,in 00:03:11| max,8.33%,$5.2,in 00:00:46| | TS:0.2,-16.67%,$4.0,in 00:03:11",
2023-05-16 14:46:51.494000,SPXW_051623C4130,Cblast#2108,cb_challenge,0,option,BTO,1.0,5,1.05,,,,5.0,0.1,0.05,0.1,0.05,-90.0,-95.2380952380952,-450.0,-500.0,2023-05-16 15:44:12.799000,,"min,-95.24%,$0.05,in 00:54:57| max,33.33%,$1.4,in 00:05:42| | TS:0.2,4.76%,$1.1,in 00:10:37| TS:0.3,-9.52%,$0.95,in 00:11:27| TS:0.4,-23.81%,$0.8,in 00:11:57| TS:0.5,-33.33%,$0.7,in 00:20:42",
2023-05-16 14:48:09.067000,SPXW_051623C4130,EnhancedMarket™#6078,1k-group,0,option,BTO,1.0,2,0.95,,,,2.0,0.0,0.0,0,0,-100.0,-100.0,-200.0,-190.0,2023-05-17T00:00:00+0000,,,1.0
2023-05-16 14:50:02.787000,SPXW_051623C4125,GHO$T#8972,analyst-alerts,0,option,BTO,2.45,1,2.6,,,,1.0,3.2,3.0,3.2,3,30.6122448979592,15.3846153846154,75.0,40.0,2023-05-16 14:51:51.298000,,"min,-3.85%,$2.5,in 00:00:10| max,23.08%,$3.2,in 00:01:20| | ",
2023-05-16 14:50:04.485000,SPXW_051623C4130,AVI#9896,analyst-alerts,0,option,BTO,0.92,6,1.01,1.0/0.5,1.1/0.55,1.0,6.0,0.966666666666667,0.9,1.35/0.2,1.3/0.1,5.07246376811595,-10.8910891089109,28.0000000000001,-66.0,2023-05-16 15:38:25.209000,,"min,-85.15%,$0.15,in 00:46:55| max,38.61%,$1.4,in 00:02:29| | TS:0.2,8.91%,$1.1,in 00:07:24| TS:0.3,-5.94%,$0.95,in 00:08:14| TS:0.4,-20.79%,$0.8,in 00:08:44| TS:0.5,-30.69%,$0.7,in 00:17:29",
2023-05-16 15:17:01.383000,SPXW_051623P4115,GHO$T#8972,analyst-alerts,0,option,BTO,0.5,1,0.55,,,,1.0,0.25,0.15,0.25,0.15,-50.0,-72.7272727272727,-25.0,-40.0,2023-05-16 15:26:43.599000,,"min,-72.73%,$0.15,in 00:08:28| max,0.0%,$0.55,in 00:00:02| | TS:0.2,-27.27%,$0.4,in 00:00:22| TS:0.3,-36.36%,$0.35,in 00:01:42| TS:0.4,-45.45%,$0.3,in 00:06:27| TS:0.5,-54.55%,$0.25,in 00:07:52",
2023-05-16 15:23:36.590000,XELA,Oogway#9404,analyst-alerts,0,stock,BTO,5.9,80,5.95,,,,80.0,5.9,5.81,5.9,5.81,0.0,-2.3529411764706,0.0,-11.2,2023-05-16 15:30:57.542000,,"min,-2.52%,$5.8,in 00:07:11| max,0.17%,$5.96,in 00:05:22| | ",
2023-05-16 15:54:55.566000,NIO_072123C8,tradewithnando#7294,analyst-alerts,1,option,BTO,0.9,10,0.91,,,,,,,,,,,,,,,,
2023-05-16 15:57:34.556000,SPY,GHO$T#8972,analyst-alerts,1,stock,BTO,1.24,2,410.41,,,,,,,,,,,,,,,,
2023-05-16 15:59:20.516000,WMT_051923P150,AVI#9896,analyst-alerts,1,option,BTO,2.65,2,3.15,,,,,,,,,,,,,,,,
2023-05-16 16:03:19.388000,SPY_051723P408,Cblast#2108,analyst-alerts,0,option,BTO,0.59,50,0.6,,,,50.0,0.09,0.08,0.09,0.08,-84.7457627118644,-86.6666666666667,-2500.0,-2600.0,2023-05-17 09:31:33.977000,,"min,-86.67%,$0.08,in 17:26:42| max,1.67%,$0.61,in 00:01:00| | TS:0.2,-20.0%,$0.48,in 00:04:05| TS:0.3,-30.0%,$0.42,in 00:10:45| TS:0.4,-86.67%,$0.08,in 17:26:42| TS:0.5,-86.67%,$0.08,in 17:26:42",
2023-05-16 16:11:20.281000,SPXW_051723P4040,Cblast#2108,cb_challenge,0,option,BTO,0.85,1,0.95,,,,1.0,0.1,0.1,0.1,0.1,-88.2352941176471,-89.4736842105263,-75.0,-85.0,2023-05-17 09:30:45.245000,,"min,-89.47%,$0.1,in 17:18:45| max,0.0%,$0.95,in 00:00:19| | TS:0.2,-21.05%,$0.75,in 00:08:55| TS:0.3,-89.47%,$0.1,in 17:18:45| TS:0.4,-89.47%,$0.1,in 17:18:45| TS:0.5,-89.47%,$0.1,in 17:18:45",
2023-05-17 08:39:15.262000,NFLX,skowih#0999,analyst-alerts,1,stock,BTO,333.3,15,333.45,,,,5.0,367.0,364.75,367.0,364.75,10.111011101110106,9.386714649872548,168.49999999999994,156.50000000000006,2023-05-18 10:36:31.858493,,"min,-1.16%,$329.59,in 00:50:56| max,10.63%,$368.89,in 1 days 01:42:16| | ",
2023-05-17 09:36:40.903000,TSLA_051923C170,EnhancedMarket™#6078,analyst-alerts,0,option,BTO,2.0,7,2.08,,,,7.0,2.87142857142857,2.76285714285714,2.8/3.2/2.9,2.67/3.15/2.84,43.5714285714286,32.8296703296703,610.0,478.0,2023-05-17 09:54:41.086000,,"min,-5.77%,$1.96,in 00:02:40| max,56.25%,$3.25,in 00:13:25| | ",
2023-05-17 09:36:50.909000,QQQ_051723C329,DCruz#3069,analyst-alerts,0,option,BTO,0.54,25,0.52,,,,25.0,0.45,0.19,0.45,0.19,-16.6666666666667,-63.4615384615385,-225.0,-825.0,2023-05-17 09:57:56.450616,,"min,-65.38%,$0.18,in 00:17:16| max,11.54%,$0.58,in 00:02:00| | TS:0.2,-11.54%,$0.46,in 00:06:06| TS:0.3,-23.08%,$0.4,in 00:06:35| TS:0.4,-34.62%,$0.34,in 00:10:10| TS:0.5,-44.23%,$0.29,in 00:13:10",
2023-05-17 09:40:38.097000,DIS_060223C93,Cblast#2108,analyst-alerts,0,option,BTO,1.11,2,1.18,,,,2.0,2.06,2.08,1.8/2.32,1.81/2.35,85.58558558558558,76.27118644067798,190.0,180.00000000000003,2023-05-18 10:32:36.402000,,"min,-10.17%,$1.06,in 00:19:43| max,99.15%,$2.35,in 1 days 00:41:28| | TS:0.2,24.58%,$1.47,in 23:50:47",
2023-05-17 09:41:17.751000,EPOW,Oogway#9404,analyst-alerts,0,stock,BTO,2.53,200,2.61,,,,200.0,2.5,2.51,2.5,2.51,-1.18577075098813,-3.83141762452108,-5.99999999999996,-20.0,2023-05-17 09:56:53.389000,,"min,-5.75%,$2.46,in 00:12:52| max,0.77%,$2.63,in 00:00:13| | ",
2023-05-17 09:44:15.458000,META_051923C242.5,EvaPanda#7872,analyst-alerts,0,option,BTO,1.38,1,1.43,,,,1.0,1.6,1.5,1.6,1.5,15.9420289855073,4.8951048951049,22.0,7.00000000000001,2023-05-17 10:14:15.915000,,"min,-22.38%,$1.11,in 00:05:56| max,11.89%,$1.6,in 00:00:41| | TS:0.2,-10.49%,$1.28,in 00:05:22| TS:0.3,-22.38%,$1.11,in 00:05:56",
2023-05-17 09:46:45.035000,NFLX_051923C335,EnhancedMarket™#6078,analyst-alerts,0,option,BTO,3.1,4,3.25,,,,4.0,3.875,3.75,4.0/3.5,3.9/3.3,25.0,15.3846153846154,310.0,200.0,2023-05-17 09:59:03.336000,,"min,-4.62%,$3.1,in 00:00:04| max,23.08%,$4.0,in 00:09:31| | ",
2023-05-17 09:59:57.907000,NFLX_051923C340,EnhancedMarket™#6078,analyst-alerts,0,option,BTO,1.55,3,1.62,1.55/1.55,1.64/1.58,2.0,3.0,2.12,2.38333333333333,2.12/2.12/2.12,1.93/2.5/2.72,36.7741935483871,47.119341563786,171.0,229.0,2023-05-17 12:28:00.019531,,"min,-7.41%,$1.5,in 00:00:28| max,91.36%,$3.1,in 01:00:55| | TS:0.2,51.85%,$2.46,in 01:08:50| TS:0.3,32.1%,$2.14,in 01:22:44",
2023-05-17 10:03:58.119000,SPY_051723C411,DCruz#3069,analyst-alerts,0,option,BTO,0.86,10,0.9,,,,10.0,1.08,1.04,1.08,1.04,25.5813953488372,15.5555555555556,220.0,140.0,2023-05-17 10:07:29.674000,,"min,-10.0%,$0.81,in 00:00:49| max,21.11%,$1.09,in 00:03:14| | ",
2023-05-17 10:13:07.859000,SPXW_051723P4100,GHO$T#8972,analyst-alerts,0,option,BTO,2.45,2,3.0,,,,2.0,2.3,2.075,2.5/2.1,2.2/1.95,-6.12244897959185,-30.8333333333333,-30.0000000000001,-185.0,2023-05-17 10:23:44.664000,,"min,-36.67%,$1.9,in 00:09:54| max,0.0%,$3.0,in 00:00:04| | TS:0.2,-20.0%,$2.4,in 00:01:34| TS:0.3,-31.67%,$2.05,in 00:09:33",
2023-05-17 10:37:09.725000,NVDA_051923C300,GHO$T#8972,analyst-alerts,0,option,BTO,2.0,3,2.08,,,,3.0,2.12666666666667,2.03,2.18/2.1,2.11/1.99,6.33333333333335,-2.40384615384617,38.0000000000001,-15.0000000000001,2023-05-17 10:42:09.110000,14.0,"min,-4.81%,$1.98,in 00:04:57| max,5.29%,$2.19,in 00:02:27| | ",
2023-05-17 10:45:06.271000,NFLX_051923C345,EvaPanda#7872,analyst-alerts,0,option,BTO,0.89,1,0.91,,,,1.0,1.07,1.06,1.07,1.06,20.2247191011236,16.4835164835165,18.0,15.0,2023-05-17 10:57:16.421000,,"min,-5.49%,$0.86,in 00:00:06| max,18.68%,$1.08,in 00:11:30| | ",
2023-05-17 10:52:17.812000,SPXW_051723P4100,AVI#9896,analyst-alerts,0,option,BTO,1.35,3,1.4,,,,3.0,1.15,1.0,1.15,1,-14.8148148148148,-28.5714285714286,-60.0000000000001,-120.0,2023-05-17 10:58:48.834000,,"min,-35.71%,$0.9,in 00:06:20| max,3.57%,$1.45,in 00:00:45| | TS:0.2,-17.86%,$1.15,in 00:05:34| TS:0.3,-28.57%,$1.0,in 00:06:05",
2023-05-17 10:53:05.962000,SPXW_051723P4100,GHO$T#8972,analyst-alerts,0,option,BTO,1.35,3,1.55,,,,3.0,1.21666666666667,1.05,1.25/1.15,1.05/1.05,-9.87654320987656,-32.258064516129,-40.0000000000001,-150.0,2023-05-17 10:58:56.342000,,"min,-41.94%,$0.9,in 00:05:32| max,0.0%,$1.55,in 00:00:02| | TS:0.2,-22.58%,$1.2,in 00:03:57| TS:0.3,-32.26%,$1.05,in 00:05:07| TS:0.4,-41.94%,$0.9,in 00:05:32",
2023-05-17 11:43:06.654000,QQQ_051723C329,DCruz#3069,analyst-alerts,0,option,BTO,0.5,20,0.51,,,,20.0,0.62,0.6,0.62,0.6,24.0,17.6470588235294,240.0,180.0,2023-05-17 12:33:25.042000,,"min,-5.88%,$0.48,in 00:00:17| max,23.53%,$0.63,in 00:04:51| | TS:0.2,-3.92%,$0.49,in 00:47:49",
2023-05-17 11:43:43.111000,SPXW_051723C4150,EnhancedMarket™#6078,analyst-alerts,0,option,BTO,0.8,25,0.9,,,,25.0,2.144,1.944,1.75/4.2/3.0,1.55/4.0/2.8,168.0,116.0,3360.0,2610.0,2023-05-17 12:42:30.670000,,"min,-11.11%,$0.8,in 00:00:11| max,344.44%,$4.0,in 00:56:49| | TS:0.2,38.89%,$1.25,in 00:50:03| TS:0.3,211.11%,$2.8,in 00:57:59",
2023-05-17 11:51:25.250000,MU_051923C66,EvaPanda#7872,analyst-alerts,0,option,BTO,0.28,1,0.28,,,,1.0,0.33,0.32,0.33,0.32,17.8571428571429,14.2857142857143,5.0,4.0,2023-05-17 12:55:42.136000,,"min,-14.29%,$0.24,in 00:39:36| max,17.86%,$0.33,in 01:03:32| | ",
2023-05-17 12:28:59.949960,SPXW_051723C4150,AVI#9896,analyst-alerts,0,option,BTO,0.7,8,0.85,,,,8.0,1.875,1.75625,1.6/3.8,1.6/2.85,167.857142857143,106.617647058824,940.0,725.0,2023-05-17 12:41:54.575000,,"min,0.0%,$0.85,in 00:01:55| max,370.59%,$4.0,in 00:11:32| | TS:0.2,47.06%,$1.25,in 00:04:46| TS:0.3,229.41%,$2.8,in 00:12:42",
2023-05-17 13:06:10.597000,AI,tradewithnando#7294,analyst-alerts,1,stock,BTO,25.75,250,25.8,,,,,,,,,,,,,,,,
2023-05-17 13:07:18.421000,SPXW_051823C4200,AVI#9896,analyst-alerts,0,option,BTO,1.7,2,2.0,,,,2.0,2.6,2.275,2.4/2.8,2.0/2.55,52.9411764705882,13.75,180.0,55.0,2023-05-17 13:54:22.527000,,"min,-30.0%,$1.4,in 00:08:59| max,42.5%,$2.85,in 00:44:15| | TS:0.2,-12.5%,$1.75,in 00:02:59| TS:0.3,-25.0%,$1.5,in 00:08:04",
2023-05-17 13:56:59.950000,JD_052623C40,AVI#9896,analyst-alerts,1,option,BTO,0.35,10,0.35,,,,,,,,,,,,,,,,
2023-05-17 14:08:09.528000,SPXW_051723P4155,Cblast#2108,cb_challenge,0,option,BTO,3.5,5,3.7,,,,5.0,4.0,3.8,4,3.8,14.2857142857143,2.70270270270269,250.0,49.9999999999998,2023-05-17 14:40:26.425000,,"min,-31.08%,$2.55,in 00:16:49| max,40.54%,$5.2,in 00:26:19| | TS:0.2,-8.11%,$3.4,in 00:02:53| TS:0.3,-18.92%,$3.0,in 00:03:59| TS:0.4,-31.08%,$2.55,in 00:16:49",
2023-05-17 14:13:14.423000,SPXW_051723C4170,AVI#9896,analyst-alerts,0,option,BTO,2.0,2,2.25,,,,2.0,1.85,1.55,1.85,1.55,-7.5,-31.1111111111111,-30.0,-140.0,2023-05-17 14:26:18.371000,,"min,-33.33%,$1.5,in 00:03:55| max,2.22%,$2.3,in 00:00:19| | TS:0.2,-20.0%,$1.8,in 00:03:04| TS:0.3,-31.11%,$1.55,in 00:03:40",
2023-05-17 14:43:20.385000,NVDA_051923P300,GHO$T#8972,analyst-alerts,0,option,BTO,2.88,3,2.97,,,,3.0,3.1,2.98333333333333,3.2/2.9,3.05/2.85,7.6388888888889,0.448933782267096,66.0000000000001,3.99999999999983,2023-05-17 14:50:28.794000,,"min,-4.04%,$2.85,in 00:07:04| max,6.06%,$3.15,in 00:01:54| | ",
2023-05-17 14:54:22.173000,SPXW_051723C4165,AVI#9896,analyst-alerts,0,option,BTO,1.2,1,1.45,,,,1.0,1.75,1.7,1.75,1.7,45.8333333333333,17.2413793103448,55.0,25.0,2023-05-17 15:07:37.662000,,"min,-48.28%,$0.75,in 00:06:08| max,20.69%,$1.75,in 00:12:23| | TS:0.2,-20.69%,$1.15,in 00:01:48| TS:0.3,-31.03%,$1.0,in 00:03:27| TS:0.4,-41.38%,$0.85,in 00:04:48",
2023-05-17 15:10:53.255000,SPXW_051723C4170,GHO$T#8972,analyst-alerts,0,option,BTO,0.7,2,0.9,,,,2.0,0.525,0.45,0.75/0.3,0.65/0.25,-25.0,-50.0,-35.0,-90.0,2023-05-17 15:22:22.553000,,"min,-72.22%,$0.25,in 00:10:32| max,0.0%,$0.9,in 00:00:02| | TS:0.2,-22.22%,$0.7,in 00:00:12| TS:0.3,-33.33%,$0.6,in 00:02:22| TS:0.4,-50.0%,$0.45,in 00:08:30| TS:0.5,-50.0%,$0.45,in 00:08:30",
2023-05-17 15:10:59.191000,NVDA_051923C305,DCruz#3069,analyst-alerts,0,option,BTO,1.49,9,1.57,,,,9.0,2.3666666666666663,2.183333333333333,1.8/2.65,1.79/2.38,58.836689038031295,39.06581740976643,788.9999999999997,551.9999999999997,2023-05-18 09:30:41.302000,,"min,-15.92%,$1.32,in 00:24:26| max,74.52%,$2.74,in 18:19:11| | TS:0.2,-15.92%,$1.32,in 00:24:26",
2023-05-17 15:20:09.363000,NOW_052623C520,AVI#9896,analyst-alerts,0,option,BTO,1.6,1,1.65,,,,1.0,2.55,2.7,2.55,2.7,59.37499999999998,63.63636363636365,94.99999999999996,105.00000000000004,2023-05-18 09:32:22.928000,,"min,-39.39%,$1.0,in 00:39:46| max,54.55%,$2.55,in 18:11:58| | TS:0.2,-21.21%,$1.3,in 00:20:31| TS:0.3,-30.3%,$1.15,in 00:22:36",
2023-05-17 15:33:21.221000,SPXW_051723P4150,Cblast#2108,cb_challenge,0,option,BTO,1.55,4,1.75,,,,4.0,0.15,0.15,0.15,0.15,-90.3225806451613,-91.4285714285714,-560.0,-640.0,2023-05-17 15:52:30.677000,,"min,-94.29%,$0.1,in 00:15:50| max,17.14%,$2.05,in 00:03:09| | TS:0.2,-8.57%,$1.6,in 00:01:24| TS:0.3,-22.86%,$1.35,in 00:02:39| TS:0.4,-31.43%,$1.2,in 00:02:49| TS:0.5,-42.86%,$1.0,in 00:07:49",
2023-05-17 15:34:43.773000,SPXW_051723C4160,AVI#9896,analyst-alerts,0,option,BTO,0.65,1,0.75,,,,1.0,1.4,0.9,1.4,0.9,115.384615384615,20.0,75.0,15.0,2023-05-17 15:42:53.561000,,"min,-46.67%,$0.4,in 00:03:35| max,80.0%,$1.35,in 00:07:57| | TS:0.2,-20.0%,$0.6,in 00:00:26| TS:0.3,-33.33%,$0.5,in 00:00:56| TS:0.4,-33.33%,$0.5,in 00:01:34| TS:0.5,-46.67%,$0.4,in 00:03:35",
2023-05-17 15:47:33.371000,TSLA_051923C180,EvaPanda#7872,analyst-alerts,0,option,BTO,0.62,1,0.63,,,,1.0,0.43,0.42,0.43,0.42,-30.64516129032258,-33.333333333333336,-19.0,-21.0,2023-05-18 09:32:59.476000,,"min,-42.86%,$0.36,in 17:44:12| max,0.0%,$0.63,in 00:00:02| | TS:0.2,-20.63%,$0.5,in 00:04:33| TS:0.3,-33.33%,$0.42,in 17:43:42| TS:0.4,-42.86%,$0.36,in 17:44:12",
2023-05-17 15:51:54.875000,PNC_061623C125,AVI#9896,avi_25k_2_100k,0,option,BTO,2.08,1,2.15,,,,1.0,2.3,2.35,2.3,2.35,10.576923076923064,9.302325581395356,21.999999999999975,20.000000000000014,2023-05-18 15:53:13.077000,,"min,-32.56%,$1.45,in 17:38:13| max,9.3%,$2.35,in 23:59:31| | TS:0.2,-32.56%,$1.45,in 17:38:13| TS:0.3,-32.56%,$1.45,in 17:38:13",
2023-05-18 08:22:15.885000,ALIM,Oogway#9404,analyst-alerts,0,stock,BTO,3.12,151,3.12,3.12/3.12,,1.0,151.0,2.95,2.95,2.95/2.95,,-5.44871794871796,,-25.6700000000001,-25.6700000000001,2023-05-18 09:17:14.657798,,"min,-9.62%,$2.82,in 00:53:22| max,0.0%,$3.12,in 00:53:18| | ",
2023-05-18 09:31:32.717000,WLGS,Oogway#9404,analyst-alerts,0,stock,BTO,2.25,200,2.32,,,,200.0,2.3775,2.2575,2.37/2.4,2.26/2.25,5.666666666666664,-2.6939655172413794,25.49999999999999,-12.5,2023-05-18 09:36:34.366000,,"min,-9.05%,$2.11,in 00:00:32| max,3.88%,$2.41,in 00:03:42| | ",
2023-05-18 09:35:27.874000,SBUX_051923C106,AVI#9896,analyst-alerts,1,option,BTO,0.38,3,0.46,,,,2.0,0.6,0.58,0.6,0.58,57.89473684210525,26.08695652173912,43.99999999999999,23.99999999999999,2023-05-18 09:38:45.861000,,"min,-13.04%,$0.4,in 00:00:17| max,26.09%,$0.58,in 00:03:02| | ",
2023-05-18 09:37:15.750000,QQQ_051823C333,DCruz#3069,analyst-alerts,0,option,BTO,0.63,15,0.67,,,,15.0,0.87,0.85,0.87,0.85,38.095238095238095,26.86567164179103,360.0,269.9999999999999,2023-05-18 09:39:49.563000,,"min,-1.49%,$0.66,in 00:00:49| max,29.85%,$0.87,in 00:02:09| | ",
2023-05-18 09:37:42.708000,BA_051923C210,Cblast#2108,analyst-alerts,1,option,BTO,0.59,20,0.72,,,,,,,,,,,,,,,,
2023-05-18 09:38:41.126000,BIDU_051923C130,GHO$T#8972,analyst-alerts,0,option,BTO,0.5,4,0.75,,,,4.0,0.7275,0.6050000000000001,0.83/0.75/0.58,0.67/0.66/0.43,45.50000000000001,-19.33333333333332,91.0,-57.999999999999964,2023-05-18 10:03:52.808000,,"min,-49.33%,$0.38,in 00:16:29| max,8.0%,$0.81,in 00:02:49| | TS:0.2,-20.0%,$0.6,in 00:00:14| TS:0.3,-33.33%,$0.5,in 00:01:29| TS:0.4,-36.0%,$0.48,in 00:14:04| TS:0.5,-49.33%,$0.38,in 00:16:29",
2023-05-18 09:48:46.917000,SPY_051823C416,Cedar#9754,analyst-alerts,0,option,BTO,0.62,16,0.6,0.62/0.62,0.63/0.56,1.0,16.0,0.7,0.6599999999999999,0.62/0.78,0.5/0.82,12.903225806451609,9.999999999999991,127.99999999999994,95.99999999999991,2023-05-18 10:11:58.417000,,"min,-18.33%,$0.49,in 00:06:39| max,45.0%,$0.87,in 00:22:24| | TS:0.2,-15.0%,$0.51,in 00:06:24",
2023-05-18 09:54:54.655000,SQ_052623C63,Cblast#2108,cb_challenge,1,option,BTO,0.32,100,0.32,,,,90.0,0.5,0.5,0.5,0.5,56.25,56.25,1620.0,1620.0,2023-05-18 10:28:09.099000,,"min,0.0%,$0.32,in 00:00:00| max,56.25%,$0.5,in 00:29:26| | ",
2023-05-18 09:55:30.685000,QQQ_051823C333,Cedar#9754,analyst-alerts,0,option,BTO,0.82,6,0.83,,,,6.0,1.17,1.23,1.17,1.23,42.68292682926829,48.19277108433735,209.99999999999997,240.0,2023-05-18 10:11:02.005000,,"min,-7.23%,$0.77,in 00:00:15| max,48.19%,$1.23,in 00:15:30| | TS:0.2,-4.82%,$0.79,in 00:05:55",
2023-05-18 10:06:33.977000,QQQ_051823C334,DCruz#3069,analyst-alerts,0,option,BTO,0.5,16,0.54,,,,16.0,0.65,0.57,0.65,0.57,30.000000000000004,5.555555555555539,240.00000000000003,47.999999999999865,2023-05-18 10:07:32.880000,,"min,-1.85%,$0.53,in 00:00:07| max,18.52%,$0.64,in 00:00:37| | ",
2023-05-18 10:06:53.755000,SPXW_051823C4180,GHO$T#8972,analyst-alerts,0,option,BTO,1.75,3,2.35,,,,3.0,3.6166666666666663,3.8166666666666655,2.35/2.5/6.0,2.5/2.95/6.0,106.66666666666669,62.41134751773048,560.0,439.9999999999999,2023-05-18 10:24:10.711000,,"min,-8.51%,$2.15,in 00:00:47| max,163.83%,$6.2,in 00:16:02| | TS:0.2,2.13%,$2.4,in 00:05:36",
2023-05-18 10:14:52.003000,EXPE_061623C100,AVI#9896,analyst-alerts,0,option,BTO,1.99,1,2.0,,,,1.0,2.3,2.27,2.3,2.27,15.577889447236174,13.5,30.999999999999982,27.0,2023-05-18 10:27:22.906000,,"min,-6.5%,$1.87,in 00:00:29| max,14.5%,$2.29,in 00:09:59| | ",
2023-05-18 10:17:16.200000,QQQ_051823C334,DCruz#3069,analyst-alerts,0,option,BTO,0.58,12,0.62,,,,12.0,0.9,0.915,0.8/1.0,0.86/0.97,55.17241379310346,47.58064516129033,384.0000000000001,354.00000000000006,2023-05-18 10:23:45.796000,,"min,-3.23%,$0.6,in 00:00:15| max,66.13%,$1.03,in 00:05:10| | ",
2023-05-18 10:17:53.958000,MSFT_051923C317.5,GHO$T#8972,analyst-alerts,0,option,BTO,0.56,3,0.61,,,,3.0,0.8233333333333334,0.7633333333333333,0.77/0.85/0.85,0.7/0.79/0.8,47.02380952380951,25.136612021857925,78.99999999999999,46.0,2023-05-18 10:27:24.307000,,"min,0.0%,$0.61,in 00:00:02| max,47.54%,$0.9,in 00:05:42| | ",
2023-05-18 11:04:56.655000,AMD_051923C108,GHO$T#8972,analyst-alerts,0,option,BTO,0.7,3,0.78,,,,3.0,0.9433333333333334,0.9366666666666666,0.95/0.93,0.96/0.89,34.76190476190477,20.085470085470078,73.00000000000001,46.999999999999986,2023-05-18 11:16:04.391000,,"min,-11.54%,$0.69,in 00:02:50| max,23.08%,$0.96,in 00:08:23| | ",
2023-05-18 11:12:48.939000,SPXW_051823P4170,AVI#9896,analyst-alerts,0,option,BTO,3.1,2,3.6,,,,2.0,5.1,4.3,5.1,4.3,64.51612903225805,19.444444444444436,399.99999999999994,139.99999999999994,2023-05-18 11:23:05.799000,,"min,-11.11%,$3.2,in 00:03:06| max,41.67%,$5.1,in 00:09:51| | ",
2023-05-18 12:02:20.169000,NFLX_051923C380,DCruz#3069,analyst-alerts,0,option,BTO,2.9,5,3.0,,,,5.0,3.65,3.6,3.65,3.6,25.862068965517242,20.000000000000004,375.0,300.00000000000006,2023-05-18 12:04:27.823000,,"min,-5.0%,$2.85,in 00:00:06| max,20.0%,$3.6,in 00:01:51| | ",
2023-05-18 12:22:06.048000,SPXW_051823P4150,AVI#9896,analyst-alerts,0,option,BTO,2.1,3,2.4,,,,3.0,2.15,1.85,2.15,1.85,2.3809523809523725,-22.91666666666666,14.999999999999947,-164.99999999999994,2023-05-18 12:30:17.632000,,"min,-39.58%,$1.45,in 00:03:00| max,0.0%,$2.4,in 00:00:05| | TS:0.2,-20.83%,$1.9,in 00:00:45| TS:0.3,-31.25%,$1.65,in 00:01:06",
2023-05-18 13:06:47.350000,SPXW_051823C4190,AVI#9896,analyst-alerts,1,option,BTO,0.75,6,0.75,0.75/0.75,0.75/0.75,1.0,3.0,0.9333333333333335,0.8333333333333334,1.1/0.6,1.05/0.4,24.44444444444446,11.111111111111116,55.00000000000004,25.000000000000014,2023-05-18 13:38:16.792000,,"min,-40.0%,$0.45,in 00:23:20| max,80.0%,$1.35,in 00:20:16| | TS:0.2,-20.0%,$0.6,in 00:06:45| TS:0.3,-26.67%,$0.55,in 00:06:55| TS:0.4,-6.67%,$0.7,in 00:21:24| TS:0.5,-13.33%,$0.65,in 00:21:54",
2023-05-18 13:26:27.884000,SPXW_051823C4180,GHO$T#8972,analyst-alerts,0,option,BTO,3.3,1,4.1,,,,1.0,4.2,2.5,4.2,2.5,27.272727272727288,-39.02439024390244,90.00000000000004,-159.99999999999997,2023-05-18 13:28:42.578000,,"min,-34.15%,$2.7,in 00:02:08| max,7.32%,$4.4,in 00:00:35| | TS:0.2,-30.49%,$2.85,in 00:01:43| TS:0.3,-30.49%,$2.85,in 00:01:43",
2023-05-18 13:54:49.762000,SPXW_051923P4100,AVI#9896,analyst-alerts,1,option,BTO,1.55,2,1.62,1.55/1.55,1.6/1.65,1.0,1.0,0.95,0.95,0.95,0.95,-38.70967741935484,-41.35802469135803,-60.0,-67.00000000000001,2023-05-18 14:29:23.670000,,"min,-41.36%,$0.95,in 00:32:13| max,8.02%,$1.75,in 00:03:23| | TS:0.2,-13.58%,$1.4,in 00:19:58| TS:0.3,-25.93%,$1.2,in 00:23:13| TS:0.4,-35.19%,$1.05,in 00:26:37",
2023-05-18 14:15:33.927000,SPXW_051823C4180,Cedar#9754,analyst-alerts,0,option,BTO,0.5,10,0.7,0.5/0.5,0.7/0.7,1.0,10.0,0.8,0.75,0.8,0.75,60.00000000000001,7.1428571428571495,300.00000000000006,50.00000000000004,2023-05-18 14:18:37.197000,,"min,-21.43%,$0.55,in 00:00:50| max,14.29%,$0.8,in 00:02:30| | TS:0.2,-21.43%,$0.55,in 00:00:50",
2023-05-18 14:16:51.764000,SPXW_051823C4170,Cblast#2108,cb_challenge,0,option,BTO,2.8,10,2.95,,,,10.0,4.5,4.3,4.5,4.3,60.71428571428572,45.76271186440676,1700.0,1349.9999999999995,2023-05-18 14:20:56.777000,,"min,-8.47%,$2.7,in 00:00:22| max,52.54%,$4.5,in 00:03:52| | ",
2023-05-18 15:01:13.759000,EXPE_063023C100,AVI#9896,avi_25k_2_100k,1,option,BTO,3.6,1,3.65,,,,,,,,,,,,,,,,
2023-05-18 15:08:20.425000,QQQ_051923C337,DCruz#3069,analyst-alerts,0,option,BTO,0.65,10,0.65,,,,10.0,0.75,0.72,0.75,0.72,15.38461538461538,10.769230769230761,99.99999999999997,69.99999999999994,2023-05-18 15:12:35.457000,,"min,-1.54%,$0.64,in 00:00:10| max,15.38%,$0.75,in 00:02:05| | ",
2023-05-18 15:12:33.819000,UNH_061623C500,AVI#9896,analyst-alerts,1,option,BTO,2.99,1,3.2,,,,,,,,,,,,,,,,
